old_url,new_url
https://elegantize.com/2024/11/08/planning-an-outdoor-wedding-in-new-jersey-dont-forget-these-decoration-ideas,https://elegantize.com/2024/11/07/planning-an-outdoor-wedding-in-new-jersey-dont-forget-these-decoration-ideas
https://elegantize.com/2024/11/08/planning-an-outdoor-wedding-in-new-jersey-dont-forget-these-decoration-ideas/,https://elegantize.com/2024/11/07/planning-an-outdoor-wedding-in-new-jersey-dont-forget-these-decoration-ideas
https://elegantize.com/2024/11/30/enchant-your-guests-stunning-wedding-round-table-decoration-ideas-for-every-style-and-budget/,https://elegantize.com/2024/11/29/enchant-your-guests-stunning-wedding-round-table-decoration-ideas-for-every-style-and-budget
https://elegantize.com/2024/11/30/pinterest-worthy-wedding-table-settings-ideas-get-the-look/,https://elegantize.com/2024/11/29/pinterest-worthy-wedding-table-settings-ideas-get-the-look
https://elegantize.com/2025/01/10/top-10-wedding-drape-curtain-trends-for-2024/,https://elegantize.com/2025/01/09/top-10-wedding-drape-curtain-trends-for-2024
https://elegantize.com/2025/01/11/10-creative-ideas-for-cocktail-table-wedding-decorations-that-wow/,https://elegantize.com/2025/01/10/10-creative-ideas-for-cocktail-table-wedding-decorations-that-wow
https://elegantize.com/2025/02/06/enchanting-backyard-wedding-decoration-ideas-create-a-magical-outdoor-celebration/,https://elegantize.com/2025/02/05/enchanting-backyard-wedding-decoration-ideas-create-a-magical-outdoor-celebration
https://elegantize.com/2025/02/06/significance-of-red-exploring-modern-chinese-wedding-decor/,https://elegantize.com/2025/02/05/significance-of-red-exploring-modern-chinese-wedding-decor
https://elegantize.com/2025/02/06/top-italian-wedding-decor-trends-for-2025-classic-meets-contemporary/,https://elegantize.com/2025/02/05/top-italian-wedding-decor-trends-for-2025-classic-meets-contemporary
https://elegantize.com/2025/02/12/romantic-valentines-wedding-aisle-ceremony-decor/,https://elegantize.com/2025/02/11/romantic-valentines-wedding-aisle-ceremony-decor
https://elegantize.com/2025/02/26/filipino-wedding-decorations/,https://elegantize.com/2025/02/25/filipino-wedding-decorations
https://elegantize.com/2025/02/26/lavish-rose-gold-purple-wedding-decor/,https://elegantize.com/2025/02/25/lavish-rose-gold-purple-wedding-decor
https://elegantize.com/2025/03/13/navy-blue-and-burgundy-wedding-decor,https://elegantize.com/2025/03/12/navy-blue-and-burgundy-wedding-decor
https://elegantize.com/2025/03/13/navy-blue-and-burgundy-wedding-decor/,https://elegantize.com/2025/03/12/navy-blue-and-burgundy-wedding-decor
https://elegantize.com/2025/03/13/viking-themed-wedding-decor-ideas/,https://elegantize.com/2025/03/12/viking-themed-wedding-decor-ideas
https://elegantize.com/2025/04/02/from-vision-to-venue-why-a-professional-wedding-decoration-company-matters/,https://elegantize.com/2025/04/01/from-vision-to-venue-why-a-professional-wedding-decoration-company-matters
https://elegantize.com/2025/04/02/stunning-non-floral-wedding-centerpieces-for-a-unique-celebration/,https://elegantize.com/2025/04/01/stunning-non-floral-wedding-centerpieces-for-a-unique-celebration
https://elegantize.com/2025/05/05/best-time-of-year-for-outdoor-weddings/,https://elegantize.com/2025/09/18/best-time-of-year-for-outdoor-weddings
https://elegantize.com/2025/05/05/bridal-shower-decorations-trends/,https://elegantize.com/2025/09/18/bridal-shower-decorations-trends
https://elegantize.com/2025/05/23/confused-about-wedding-decor/,https://elegantize.com/2025/05/22/confused-about-wedding-decor
https://elegantize.com/2025/05/23/inspiring-ideas-for-a-stunning-white-theme-wedding/,https://elegantize.com/2025/05/22/inspiring-ideas-for-a-stunning-white-theme-wedding
https://elegantize.com/2025/05/24/breezy-beautiful-summer-wedding-theme/,https://elegantize.com/2025/05/23/breezy-beautiful-summer-wedding-theme
https://elegantize.com/2025/05/24/from-lace-to-legacy-victorian-vintage-wedding/,https://elegantize.com/2025/05/23/from-lace-to-legacy-victorian-vintage-wedding
https://elegantize.com/2025/06/10/dreamy-outdoor-gazebo-wedding-decoration-ideas,https://elegantize.com/2025/06/09/dreamy-outdoor-gazebo-wedding-decoration-ideas
https://elegantize.com/2025/06/10/dreamy-outdoor-gazebo-wedding-decoration-ideas/,https://elegantize.com/2025/06/09/dreamy-outdoor-gazebo-wedding-decoration-ideas
https://elegantize.com/2025/06/10/from-floor-to-forever-indoor-aisle-decor,https://elegantize.com/2025/06/09/from-floor-to-forever-indoor-aisle-decor
https://elegantize.com/2025/06/10/from-floor-to-forever-indoor-aisle-decor/,https://elegantize.com/2025/06/09/from-floor-to-forever-indoor-aisle-decor
https://elegantize.com/2025/06/26/top-5-beautiful-backdrop-engagement-flower-wedding-stage-decoration-ideas/,https://elegantize.com/2025/06/25/top-5-beautiful-backdrop-engagement-flower-wedding-stage-decoration-ideas
https://elegantize.com/2025/07/03/beyond-blooms-stunning-non-floral-wedding-centerpieces-for-a-unique-celebration/,https://elegantize.com/2025/07/02/beyond-blooms-stunning-non-floral-wedding-centerpieces-for-a-unique-celebration
https://elegantize.com/2025/07/07/10-dreamy-dried-flower-arrangements-to-elevate-your-wedding-decor,https://elegantize.com/2025/07/06/10-dreamy-dried-flower-arrangements-to-elevate-your-wedding-decor
https://elegantize.com/2025/07/07/10-dreamy-dried-flower-arrangements-to-elevate-your-wedding-decor/,https://elegantize.com/2025/07/06/10-dreamy-dried-flower-arrangements-to-elevate-your-wedding-decor
https://elegantize.com/2025/07/21/chinoiserie-wedding-decor-luxury-garden-estate-weddings,https://elegantize.com/2025/07/20/chinoiserie-wedding-decor-luxury-garden-estate-weddings
https://elegantize.com/2025/07/21/chinoiserie-wedding-decor-luxury-garden-estate-weddings/,https://elegantize.com/2025/07/20/chinoiserie-wedding-decor-luxury-garden-estate-weddings
https://elegantize.com/2025/07/21/olive-green-wedding-decor-ideas,https://elegantize.com/2025/07/20/olive-green-wedding-decor-ideas
https://elegantize.com/2025/07/21/olive-green-wedding-decor-ideas/,https://elegantize.com/2025/07/20/olive-green-wedding-decor-ideas
https://elegantize.com/2025/07/22/rustic-charm-pallet-decoration-ideas-for-wedding-day/,https://elegantize.com/2025/07/21/rustic-charm-pallet-decoration-ideas-for-wedding-day
https://elegantize.com/2025/07/30/creative-wedding-floor-wrap-designs,https://elegantize.com/2025/07/29/creative-wedding-floor-wrap-designs
https://elegantize.com/2025/07/30/creative-wedding-floor-wrap-designs/,https://elegantize.com/2025/07/29/creative-wedding-floor-wrap-designs
https://elegantize.com/2025/07/30/pampas-grass-centerpiece-wedding-ideas,https://elegantize.com/2025/07/29/pampas-grass-centerpiece-wedding-ideas
https://elegantize.com/2025/07/30/pampas-grass-centerpiece-wedding-ideas/,https://elegantize.com/2025/07/29/pampas-grass-centerpiece-wedding-ideas
https://elegantize.com/2025/07/30/stunning-wedding-venue-decorations-youll-love/,https://elegantize.com/2025/07/29/stunning-wedding-venue-decorations-youll-love
https://elegantize.com/2025/08/07/10-inexpensive-wedding-table-decoration-ideas,https://elegantize.com/2025/08/06/10-inexpensive-wedding-table-decoration-ideas
https://elegantize.com/2025/08/07/10-inexpensive-wedding-table-decoration-ideas/,https://elegantize.com/2025/08/06/10-inexpensive-wedding-table-decoration-ideas
https://elegantize.com/2025/08/07/emerald-green-wedding-decor-is-taking-over-2025,https://elegantize.com/2025/08/06/emerald-green-wedding-decor-is-taking-over-2025
https://elegantize.com/2025/08/07/emerald-green-wedding-decor-is-taking-over-2025/,https://elegantize.com/2025/08/06/emerald-green-wedding-decor-is-taking-over-2025
https://elegantize.com/2025/08/11/indoor-wedding-ceremony-decorations/,https://elegantize.com/2025/08/10/indoor-wedding-ceremony-decorations
https://elegantize.com/2025/08/23/celestial-wedding-decor-ideas,https://elegantize.com/2025/08/22/celestial-wedding-decor-ideas
https://elegantize.com/2025/08/23/silk-flower-arrangements-vs-fresh-flowers/,https://elegantize.com/2025/08/22/silk-flower-arrangements-vs-fresh-flowers
https://elegantize.com/2025/08/23/wedding-decoration-ideas-on-a-budget/,https://elegantize.com/2025/08/22/wedding-decoration-ideas-on-a-budget
https://elegantize.com/2025/09/09/affordable-wedding-decor-ideas-with-luxury-appeal/,https://elegantize.com/2025/09/08/affordable-wedding-decor-ideas-with-luxury-appeal
https://elegantize.com/2025/09/09/best-floral-wedding-design-ideas-us-weddings/,https://elegantize.com/2025/09/08/best-floral-wedding-design-ideas-us-weddings
https://elegantize.com/2025/09/11/crystals-for-wedding-decoration-10-elegant-ideas-to-sparkle-up-your-big-day,https://elegantize.com/2025/09/10/crystals-for-wedding-decoration-10-elegant-ideas-to-sparkle-up-your-big-day
https://elegantize.com/2025/09/11/crystals-for-wedding-decoration-10-elegant-ideas-to-sparkle-up-your-big-day/,https://elegantize.com/2025/09/10/crystals-for-wedding-decoration-10-elegant-ideas-to-sparkle-up-your-big-day
https://elegantize.com/2025/09/11/how-ceiling-draping-and-floral-designs-create-luxury-wedding-ballrooms/,https://elegantize.com/2025/09/10/how-ceiling-draping-and-floral-designs-create-luxury-wedding-ballrooms
https://elegantize.com/2025/09/11/rustic-vs-modern-wedding-floral-design/,https://elegantize.com/2025/09/10/rustic-vs-modern-wedding-floral-design
https://elegantize.com/2025/09/11/wedding-stage-decor-ideas-for-big-ceremonies,https://elegantize.com/2025/09/10/wedding-stage-decor-ideas-for-big-ceremonies
https://elegantize.com/2025/09/11/wedding-stage-decor-ideas-for-big-ceremonies/,https://elegantize.com/2025/09/10/wedding-stage-decor-ideas-for-big-ceremonies
https://elegantize.com/2025/09/19/10-stunning-small-wedding-venues-in-nj/,https://elegantize.com/2025/09/18/10-stunning-small-wedding-venues-in-nj
https://elegantize.com/2025/09/19/top-10-wildflower-centerpiece-ideas-for-romantic-weddings/,https://elegantize.com/2025/09/18/top-10-wildflower-centerpiece-ideas-for-romantic-weddings
https://elegantize.com/2025/10/14/rustic-barn-weddings-with-fairy-lights/,https://elegantize.com/2025/10/13/rustic-barn-weddings-with-fairy-lights
https://elegantize.com/2025/10/16/string-light-wedding-decor,https://elegantize.com/2025/10/15/string-light-wedding-decor
https://elegantize.com/2025/10/16/string-light-wedding-decor/,https://elegantize.com/2025/10/15/string-light-wedding-decor
https://elegantize.com/2025/10/23/outdoor-wedding-decor-with-fairy-lights,https://elegantize.com/2025/10/22/outdoor-wedding-decor-with-fairy-lights
https://elegantize.com/2025/10/23/outdoor-wedding-decor-with-fairy-lights/,https://elegantize.com/2025/10/22/outdoor-wedding-decor-with-fairy-lights
https://elegantize.com/2025/10/25/top-12-winter-wedding-color-palettes-for-2025/,https://elegantize.com/2025/10/24/top-12-winter-wedding-color-palettes-for-2025
https://elegantize.com/2025/10/28/10-jaw-dropping-terracotta-wedding-decor-ideas,https://elegantize.com/2025/10/27/10-jaw-dropping-terracotta-wedding-decor-ideas
https://elegantize.com/2025/10/28/10-jaw-dropping-terracotta-wedding-decor-ideas/,https://elegantize.com/2025/10/27/10-jaw-dropping-terracotta-wedding-decor-ideas
https://elegantize.com/2025/11/08/winter-mandap-decor-ceremony-backdrops/,https://elegantize.com/2025/11/07/winter-mandap-decor-ceremony-backdrops
https://elegantize.com/2025/11/10/winter-venue-dressing/,https://elegantize.com/2025/11/09/winter-venue-dressing
https://elegantize.com/2025/11/15/november-weddings-in-new-york/,https://elegantize.com/2025/11/14/november-weddings-in-new-york
https://elegantize.com/2025/11/15/winter-wedding-florals-and-colors,https://elegantize.com/2025/11/14/winter-wedding-florals-and-colors
https://elegantize.com/2025/11/15/winter-wedding-florals-and-colors/,https://elegantize.com/2025/11/14/winter-wedding-florals-and-colors
https://elegantize.com/2025/11/17/how-to-design-a-moody-luxe-november-wedding/,https://elegantize.com/2025/11/16/how-to-design-a-moody-luxe-november-wedding
https://elegantize.com/2025/11/17/top-nyc-wedding-decor-features-2025/,https://elegantize.com/2025/11/16/top-nyc-wedding-decor-features-2025
https://elegantize.com/2025/11/18/top-10-winter-centerpieces-that-wont-freeze/,https://elegantize.com/2025/11/17/top-10-winter-centerpieces-that-wont-freeze
https://elegantize.com/2025/12/08/pink-winter-wedding-decor-ideas/,https://elegantize.com/2025/12/07/pink-winter-wedding-decor-ideas
https://elegantize.com/2025/12/17/cherry-blossom-tree-centerpieces-winter-weddings,https://elegantize.com/2025/12/16/cherry-blossom-tree-centerpieces-winter-weddings
https://elegantize.com/2025/12/17/cherry-blossom-tree-centerpieces-winter-weddings/,https://elegantize.com/2025/12/16/cherry-blossom-tree-centerpieces-winter-weddings
https://elegantize.com/2025/12/17/tall-centerpieces-large-ballrooms-design-guide,https://elegantize.com/2025/12/18/tall-centerpieces-large-ballrooms-design-guide
https://elegantize.com/2026/01/21/ceiling-installation-wedding-nyc-2026/,https://elegantize.com/2026/01/20/ceiling-installation-wedding-nyc-2026
https://elegantize.com/2024/07/05/decor-and-details-to-make-your-day-shine/,https://elegantize.com/2024/07/05/decor-and-details-to-make-your-day-shine
https://elegantize.com/2024/07/05/unveiling-the-enchantment-of-indian-wedding-decor-with-elegantize/,https://elegantize.com/2024/07/05/unveiling-the-enchantment-of-indian-wedding-decor-with-elegantize
https://elegantize.com/2024/09/26/choose-the-perfect-wedding-decor-for-a-new-jersey-wedding/,https://elegantize.com/2024/09/26/choose-the-perfect-wedding-decor-for-a-new-jersey-wedding
https://elegantize.com/2024/10/03/5-kinds-of-candles-at-a-wedding-ceremony-night/,https://elegantize.com/2024/10/03/5-kinds-of-candles-at-a-wedding-ceremony-night
https://elegantize.com/2024/10/31/fall-wedding-floral-decorations-rustic-charm-seasonal-blooms/,https://elegantize.com/2024/10/31/fall-wedding-floral-decorations-rustic-charm-seasonal-blooms
https://elegantize.com/2024/10/31/unique-wedding-centerpiece-design-ideas/,https://elegantize.com/2024/10/31/unique-wedding-centerpiece-design-ideas
https://elegantize.com/2024/11/18/best-outdoor-wedding-lighting-ideas-for-evening-reception-in-new-york/,https://elegantize.com/2024/11/18/best-outdoor-wedding-lighting-ideas-for-evening-reception-in-new-york
https://elegantize.com/2024/12/11/frosted-elegance-stunning-ideas-for-a-winter-wonderland-wedding-theme/,https://elegantize.com/2024/12/11/frosted-elegance-stunning-ideas-for-a-winter-wonderland-wedding-theme
https://elegantize.com/2024/12/11/how-to-keep-your-guests-warm-and-comfortable-at-a-winter-wonderland-wedding/,https://elegantize.com/2024/12/11/how-to-keep-your-guests-warm-and-comfortable-at-a-winter-wonderland-wedding
https://elegantize.com/2025/01/02/rustic-elegance-creative-wine-and-whiskey-barrel-wedding-decor-ideas/,https://elegantize.com/2025/01/02/rustic-elegance-creative-wine-and-whiskey-barrel-wedding-decor-ideas
https://elegantize.com/2025/01/21/love-in-the-cold-your-guide-to-january-wedding-flowers-color-trends-2025/,https://elegantize.com/2025/01/21/love-in-the-cold-your-guide-to-january-wedding-flowers-color-trends-2025
https://elegantize.com/2025/01/21/yellow-grey-wedding-inspiration-daffodils-to-dusk-in-new-jersey/,https://elegantize.com/2025/01/21/yellow-grey-wedding-inspiration-daffodils-to-dusk-in-new-jersey
https://elegantize.com/2025/02/25/decorating-your-dream-yellow-and-blue-wedding/,https://elegantize.com/2025/02/25/decorating-your-dream-yellow-and-blue-wedding
https://elegantize.com/2025/02/25/insta-worthy-moroccan-wedding-decor/,https://elegantize.com/2025/02/25/insta-worthy-moroccan-wedding-decor
https://elegantize.com/2025/06/16/blue-and-white-wedding-decorations/,https://elegantize.com/2025/06/16/blue-and-white-wedding-decorations
https://elegantize.com/2025/06/25/10-stunning-wedding-hall-decoration/,https://elegantize.com/2025/06/25/10-stunning-wedding-hall-decoration
https://elegantize.com/2025/06/25/magical-floating-candle-decorations-for-weddings/,https://elegantize.com/2025/06/25/magical-floating-candle-decorations-for-weddings
https://elegantize.com/2025/08/22/silver-table-decor-for-weddings/,https://elegantize.com/2025/08/22/silver-table-decor-for-weddings
https://elegantize.com/2025/09/11/10-stunning-dusty-rose-and-dusty-blue-wedding-decor-ideas-youll-want-to-steal/,https://elegantize.com/2025/09/11/10-stunning-dusty-rose-and-dusty-blue-wedding-decor-ideas-youll-want-to-steal
https://elegantize.com/2025/10/13/ceiling-drapes-with-fairy-lights/,https://elegantize.com/2025/10/13/ceiling-drapes-with-fairy-lights
https://elegantize.com/2025/10/13/lighting-the-love-how-to-choose-between-fairy-lights-twinkle-lights-string-lights-for-your-wedding/,https://elegantize.com/2025/10/13/lighting-the-love-how-to-choose-between-fairy-lights-twinkle-lights-string-lights-for-your-wedding
https://elegantize.com/2025/10/22/fairy-light-wedding-decor-ideas/,https://elegantize.com/2025/10/22/fairy-light-wedding-decor-ideas
https://elegantize.com/2025/12/16/plan-wedding-decor-2026-december/,https://elegantize.com/2025/12/16/plan-wedding-decor-2026-december
https://elegantize.com/2025/12/16/wedding-dessert-table-ideas-new-years-eve/,https://elegantize.com/2025/12/16/wedding-dessert-table-ideas-new-years-eve
https://elegantize.com/2025/12/18/tall-centerpieces-large-ballrooms-design-guide/,https://elegantize.com/2025/12/18/tall-centerpieces-large-ballrooms-design-guide
https://elegantize.com/2026/01/15/what-is-a-private-wedding-luxury-decor-design/,https://elegantize.com/2026/01/15/what-is-a-private-wedding-luxury-decor-design
https://elegantize.com/2024/07/21/a-spectacular-indian-wedding-event-by-elegantize-weddings/,https://elegantize.com/2024/07/21/lavish-indian-wedding-events-hartford-marriott-by-elegantize-weddings
https://elegantize.com/2024/10/01/how-to-plan-a-dream-winter-wedding-in-new-york,https://elegantize.com/2024/09/30/how-to-plan-a-dream
https://elegantize.com/2024/10/01/how-to-plan-a-dream-winter-wedding-in-new-york/,https://elegantize.com/2024/09/30/how-to-plan-a-dream
https://elegantize.com/2025/02/06/a-luxe-wedding-decor-checklist-elevate-your-celebration/,https://elegantize.com/2025/02/05/indian-wedding-events-decor-checklist-guide
https://elegantize.com/2025/02/12/simple-valentines-wedding-touches-with-maximum-impact/,https://elegantize.com/2025/02/11/simple-valentines-wedding-decor-with-maximum-impact
https://elegantize.com/2025/09/18/2025-05-05-best-time-of-year-for-outdoor-weddings,https://elegantize.com/2025/09/18/best-time-of-year-for-outdoor-weddings
https://elegantize.com/2025/09/18/2025-05-05-bridal-shower-decorations-trends,https://elegantize.com/2025/09/18/bridal-shower-decorations-trends
https://elegantize.com/2025/09/19/best-time-of-year-for-outdoor-weddings-in-the-usa/,https://elegantize.com/2025/09/18/best-time-of-year-for-outdoor-weddings
https://elegantize.com/2026/01/19/wedding-decor-trends-2026-luxury-weddings/,https://elegantize.com/2026/01/19/2026-wedding-decor-trends
https://elegantize.com/2026/02/18/destination-weddings-from-nyc-elegantiz,https://elegantize.com/2026/02/18/destination-weddings-from-nyc-elegantize
https://elegantize.com/2026/04/15/hire-wedding-decorator-nyc-guide,https://elegantize.com/2026/04/14/best-wedding-decorator-new-york-city
"https://elegantize.com/2026/04/15/wedding decorator packages nj, wedding decoration services new jersey, affordable wedding decor nj, luxury wedding decor nj, wedding decor pricing nj, wedding decoration cost nj, wedding decor packages near me nj, nj wedding decorator services, custom wed",https://elegantize.com/2026/04/15/wedding-decor-packages-new-jersey-cost-style-guide
https://elegantize.com/2026/06/13/Wedding Stage Designs for Modern Couples,https://elegantize.com/2026/06/13/wedding-stage-designs-for-modern-couples
https://elegantize.com/blog/2026-Wedding-Decor-Trends,https://elegantize.com/2026/01/19/2026-wedding-decor-trends
https://elegantize.com/blog/ceiling-installation-wedding-nyc-2026,https://elegantize.com/2026/01/20/ceiling-installation-wedding-nyc-2026
https://elegantize.com/blog/wedding-decor-trends-2026-luxury-weddings,https://elegantize.com/2026/01/19/2026-wedding-decor-trends
https://elegantize.com/stage-design/,https://elegantize.com/services/stage-design
https://elegantize.com/vinyl-floor-wraps,https://elegantize.com/services/vinyl-floor-wrap
https://elegantize.com/category/blog/page/13/,https://elegantize.com/blog
https://elegantize.com/category/blog/page/14/,https://elegantize.com/blog
https://elegantize.com/category/blog/page/16/,https://elegantize.com/blog
https://elegantize.com/category/blog/page/17/,https://elegantize.com/blog
https://elegantize.com/category/blog/page/3/,https://elegantize.com/blog
https://elegantize.com/category/blog/page/4/,https://elegantize.com/blog
https://elegantize.com/category/blog/page/5/,https://elegantize.com/blog
https://elegantize.com/category/blog/page/6/,https://elegantize.com/blog
https://elegantize.com/category/blog/page/8/,https://elegantize.com/blog
https://elegantize.com/category/blog/page/9/,https://elegantize.com/blog
https://elegantize.com/2024/10/03/5-kinds-of-candles-at-a-wedding-ceremony-night/?noamp=mobile,https://elegantize.com/2024/10/03/5-kinds-of-candles-at-a-wedding-ceremony-night
https://elegantize.com/2024/12/11/frosted-elegance-stunning-ideas-for-a-winter-wonderland-wedding-theme/?amp=1,https://elegantize.com/2024/12/11/frosted-elegance-stunning-ideas-for-a-winter-wonderland-wedding-theme
